Product,Rating ↔ Length,Rating ↔ Helpful,Time ↔ Rating
Beats Pill,0.15128569966913455,0.22851146967595037,-0.010376614837618675
JBL Flip 6,0.0786355235804777,0.26369957053872023,0.00023611863867958633
UE BOOM 3,0.13565385241059116,0.26882108473533894,-0.030408911118838356
JBL Charge 5,0.044149622901802486,0.20587583523998035,0.06011165522589196
Sony SRS-XB100,0.15437665797966038,0.25323545521095225,0.030781031544210323
